{
  "width": 960,
  "height": 720,
  "intrinsic_matrix": [921.170702, 0.000000, 0.000000, 0.000000, 919.018377, 0.000000, 459.904354,  351.238301, 1.000000]
}